category,copyshortname,fullname,startdate,enddate,shortname,enrols,visible,idnumber
6,CLP FRM 06/08/2026-07/08/2026,CLP for FRM/JS 06-07 October 2026,06-10-2026 00:00:00,07-10-2026 23:00:00,CLP FRM 06/10/2026-07/10/2026,manual,1,2026-CLP-23
20,Pendalaman Materi HSE 10/09/2026-11/09/2026,TFT Safety Role Based 13-14 October 2026,13-10-2026 00:00:00,14-10-2026 23:00:00,TFT Safety Role Based 13/10/2026-14/10/2026,manual,1,2026-TFT-21
78,ExpertProjMgmt 15/09/2026-16/09/2026,AJ People Development 08-09 October 2026,08-10-2026 00:00:00,09-10-2026 23:00:00,AJ_People_Development 08/10/2026-09/10/2026,manual,1,2026-AJPD-01
6,CLP FRM 06/08/2026-07/08/2026,CLP for FRM/JS 08-09 October 2026,08-10-2026 00:00:00,09-10-2026 23:00:00,CLP FRM 08/10/2026-09/10/2026,manual,1,2026-CLP-24
21,HSELDR SAP 18/09/2026-18/09/2026,Safety - Leader Role Based 08 October 2026,08-10-2026 00:00:00,08-10-2026 23:00:00,HSELDR SAP 08/10/2026-08/10/2026,manual,1,2026-HSE-34
21,HSEBASIC SAP 28/09/2026-28/09/2026,Safety - Basic Role Based 09 October 2026,09-10-2026 00:00:00,09-10-2026 23:00:00,HSEBASIC SAP 09/10/2026-09/10/2026,manual,1,2026-HSE-35
33,RMT SPV 05/08/2026-05/08/2026,Risk Management Training 19 October 2026,19-10-2026 00:00:00,19-10-2026 23:00:00,RMT SPV 19/10/2026-19/10/2026,manual,1,2026-RMT-08
21,HSELDR SAP 18/09/2026-18/09/2026,Safety - Leader Role Based 12 October 2026,12-10-2026 00:00:00,12-10-2026 23:00:00,HSELDR SAP 12/10/2026-12/10/2026,manual,1,2026-HSE-36
88,ExpertProjMgmt 15/09/2026-16/09/2026,PDCA for Junior Staff 13 October 2026,13-10-2026 00:00:00,13-10-2026 23:00:00,PDCA JS 13/10/2026-13/10/2026,manual,1,2026-PDCA-01
21,HSELDR KAP 22/09/2026-22/09/2026,Safety - Leader Role Based 13 October 2026,13-10-2026 00:00:00,13-10-2026 23:00:00,HSELDR KAP 13/10/2026-13/10/2026,manual,1,2026-HSE-37
19,TLROLE 23/09/2026-24/09/2026,TL Role for Team Leader 13-14 October 2026,13-10-2026 00:00:00,14-10-2026 23:00:00,TLROLE 13/10/2026-14/10/2026,manual,1,2026-TLROLE-09
78,ExpertProjMgmt 15/09/2026-16/09/2026,Project Management for Spv 14-15 October 2026,14-10-2026 00:00:00,15-10-2026 23:00:00,ExpertProjMgmt 14/10/2026-15/10/2026,manual,1,2026-AJPD-02
21,HSEBASIC KAP 30/09/2026-30/09/2026,Safety - Basic Role Based 14 October 2026,14-10-2026 00:00:00,14-10-2026 23:00:00,HSEBASIC KAP 14/10/2026-14/10/2026,manual,1,2026-HSE-38
5,NewMember KAP 15/09/2026-17/09/2026,General Orientation Karawang 15-19 October 2026,15-10-2026 00:00:00,19-10-2026 23:00:00,NewMember KAP 15/10/2026-19/10/2026,manual,1,2026-OJT-36
5,NewMember SAP 15/09/2026-17/09/2026,General Orientation Sunter 15-19 October 2026,15-10-2026 00:00:00,19-10-2026 23:00:00,NewMember SAP 15/10/2026-19/10/2026,manual,1,2026-OJT-37
89,TLROLE 23/09/2026-24/09/2026,SPV Role for Supervisor 20-22 October 2026,20-10-2026 00:00:00,22-10-2026 23:00:00,SPVROLE 20/10/2026-22/10/2026,manual,1,2026-SPVROLE-01
88,ExpertProjMgmt 15/09/2026-16/09/2026,PDCA for Junior Staff 20 October 2026,20-10-2026 00:00:00,20-10-2026 23:00:00,PDCA JS 20/10/2026-20/10/2026,manual,1,2026-PDCA-02
19,TLROLE 23/09/2026-24/09/2026,TL Role for Team Leader 21-22 October 2026,21-10-2026 00:00:00,22-10-2026 23:00:00,TLROLE 21/10/2026-22/10/2026,manual,1,2026-TLROLE-10
25,MMT 10/08/2026-14/08/2026,Manufacturing Management Training for Supplier 26-30 October 2026,26-10-2026 00:00:00,30-10-2026 23:00:00,MMT 26/10/2026-30/10/2026,manual,1,2026-MMT-02
16,QCCF 03/07/2025-04/07/2025,QCC Facilitator 27-28 October 2026,27-10-2026 00:00:00,28-10-2026 23:00:00,QCCF 27/10/2026-28/10/2026,manual,1,2026-QCCF-01
78,ExpertProjMgmt 15/09/2026-16/09/2026,AJ People Development 29-30 October 2026,29-10-2026 00:00:00,30-10-2026 23:00:00,AJ_People_Development 29/10/2026-30/10/2026,manual,1,2026-EXPERT-06
